18-06-2026|modul/rekap_transaksi_instansi.php -> tambah file untuk rekap donor instansi
18-06-2026|p2d2s_rekap.php -> update untuk modul rekap donor instansi
18-06-2026|pmip2d2s.php -> update untuk modul rekap donor instansi
15-06-2026|modul/cek_kantong_new.php -> menambahkan run time pemeriksaan IMLTD
15-06-2026|architec/imltd_rpt_konfirm1.php -> update tampilan cetak
15-06-2026|architec/imltd_import_arc2000_viewkonfirm.php -> menambahkan run time untuk rincian setiap pemeriksaan
12-06-2026|imltd/cetak_label_panel.php -> menambahkan cetak label sampel panel
03-06-2026|modul/rekap_transaksi_donor_xls.php -> tambah kolom keterangan batal
02-06-2026|laborat_komponen.php-> menambahkan modul rekap pengolahan
02-06-2026|pmikomponen.php -> menambahkan modul rekap pengolahan
02-06-2026|modul/pengolahan/pengolahan_list_rekap.php -> menambahkan file rekap seperti pada prolis, dengan menyesuaikan informasi kebutuhannya
26-05-2026|imltd/rekap_sampel_panel.php -> penambahan cetak serah terima dikomponen
26-05-2026|imltd/permintaan_sampel_panel.php -> penambahan cetak berita acara
25-05-2026|modul/rekap_transaksi_donor.php -> memperbaiki filter Gagal pada rincian aftap donor, dan menampilkan volume gagal mislek sesuai input aftap
25-05-2026|serahterima/sr_list.php -> perbaikan untuk konsolidasi
25-05-2026|serahterima/sr_imltd.php -> perbaikan untuk konsolidasi
25-05-2026|serahterima/sr_komponen.php -> perbaikan untuk konsolidasi
25-05-2026|serahterima/sr_konfirmasi.php -> perbaikan untuk konsolidasi
25-05-2026|modul/rekap_pembuatan_komponen_xls.php -> menyesuaikan hasil untuk excel
25-05-2026|modul/rekap_pembuatan_komponen.php -> ubah tampilan rekap dan menampilkan hasilnya
25-05-2026|modul/rekap_pembuatan_komponen1.php -> ubah filter tanggal berdasarkan tanggal pengerjaan dan memperbaiki filter produk komponen
22-05-2026|database -> tambah field id_rp untuk tabel riwayat database dbdokumen
21-05-2026|dokumen/rekap_rencana_perubahan.png -> menambahkan filter tingkat dokumen
12-05-2026|serahterima/ksl_terima_hapus_dl.php -> update untuk terima konsolidasi
12-05-2026|serahterima/ksl_terima_import_json.php -> update untuk terima konsolidasi
12-05-2026|serahterima/ksl_terima_proses.php -> update untuk terima konsolidasi
12-05-2026|serahterima/ksl_terima_listdetail.php -> update untuk terima konsolidasi
12-05-2026|serahterima/ksl_terima_list.php -> update untuk terima konsolidasi
12-05-2026|serahterima/sr_aftap_komponen_list_2025.php -> penyesuaian perbaikan code
11-05-2026|dokumen/images/rekap_rencana_perubahan.png -> tembah ikon untuk fitur rekap rencana perubahan dokumen
11-05-2026|dokumen/rekap_rencana_perubahan.php -> tambah file untuk fitur rekap rencana perubahan dokumen
11-05-2026|index2_mk.php -> menambahkan rekap rencana perubahan dokumen
11-05-2026|imltd/rekap_sampel_panel.php -> menambahkan menu rekap sampel panel
11-05-2026|imltd/konfirmasi_sampel_panel.php -> menambahkan menu konfirmasi/verifikasi sampel panel
11-05-2026|imltd/proses_permintaan_sampel_panel.php -> menambahkan menu proses dari permintaan sampel panel
11-05-2026|imltd/permintaan_sampel_panel.php -> menambahkan menu permintaan sampel panel
11-05-2026|imltd/menu_sampel_panel.php -> menambahkan menu didalam sampel panel
11-05-2026|index2_komponen.php -> menambah menu sampel panel
11-05-2026|pmikomponen.php -> menambah module sampel panel
11-05-2026|index2_imltd.php -> menambah menu sampel panel
11-05-2026|pmiimltd.php -> menambah module sampel panel
11-05-2026|DB/sampel_panel_detail.sql -> menambah table detail transaksi sampel panel
11-05-2026|DB/sampel_panel_trans.sql -> menambah table transaksi sampel panel
11-05-2026|images/proses_sampel.png -> menambah gambar proses permintaan sampel panel
11-05-2026|images/minta_sampel.png -> menambah gambar permintaan sampel panel
11-05-2026|images/verifikasi_sampel_panel.png -> menambah gambar verifikasi sampel panel
11-05-2026|images/rekap_sampel_panel.png -> menambah gambar rekap sampel panel
08-05-2026|serahterima/sr_aftap_export_json.php -> update export json untuk konsolidasi
08-05-2026|serahterima/sr_aftap_komponen_list_2025.php -> menambahkan tampilan internal atau konsolidasi
08-05-2026|serahterima/sr_aftap_komponen.php -> menambahkan save id udd pada serahterima.hst_dariudd
08-05-2026|serahterima/sr_list.php -> update tampilan serah terima komponen, imltd dan kgd
08-05-2026|tambah field hst_dariudd dan hst_keudd pada tabel serahterima
06-05-2026|modul/rekap_darah_terima_udd_new.php -> tambah file
06-05-2026|receptionis_distribusi.php -> update untuk rekap terima darah udd lain
30-04-2026|penambah tabel sampel_panel pada database
30-04-2026|mobileonline/view/editdonorlokal.php -> ubah update htransaksi.tempat dari 0 jadi M
30-04-2026|modul/cek_kantong_new -> update cek kantong baru, update bagian audit trail imltd
30-04-2026|pmiimltd.php -> penambahan routing ke sampel panel
30-04-2026|index2_imltd -> penambahan routing ke sampel panel
30-04-2026|images/sampel_panel.php -> penambahan gambar icon sampel panel
30-04-2026|imltd/sampel_panel.php -> penambahan modul sampel panel
30-04-2026|modul/pengolahan/prosesPengolahan.php -> menambahkan update pengolahan_di
30-04-2026|panther_nat/panther_proses.php -> menambahkan update nat_di
30-04-2026|architec/imltd_import_arc2000_konfirmasi.php -> menambahkan update periksa_di
30-04-2026|abs/abs_proccess.php -> menambahkan update konfirmasi_di dan abs_di
30-04-2026|menambahkan kolom konfirmasi_di, pengolahan_di, periksa_di, nat_di, abs_di pada tabel stokkantong
29-04-2026|modul/rekap_reaktif.php -> menambahkan rekap imltd reaktif pada level komponen
29-04-2026|laborat_musnah -> menambahkan rekap imltd pada level komponen
29-04-2026|modul/pengolahan/pengolahan_temp.php -> menambahkan batas durasi waktu untuk kantong Haemonetics
28-04-2026|modul/pengolahan/pengolahan.php -> menambahkan opsi beku saja untuk apheresis
28-04-2026|modul/pengambilan_darahaph23.php -> memperbaiki inputan apheresis (status kantong dan pengesahan)
27-04-2026|prosesPengolahan.php -> update cek isi tgl pengerjaan, jika tidak ada maka pakai tanggal created pada tglpengolahan
27-04-2026|pmikasir.php -> update agar histori donor muncul dipencarian seleksi
23-04-2026|Tambah kolom insp_nosertifikat pada db pmf_inspection
22-04-2026|logistik1_master_reagen.php -> comment fitur kantong apheresis
21-04-2026|mobileonline/view/pengambilan.php -> menambahkan Status pada kantong satelit yang berhasil
21-04-2026|panther_nat/panther_konfirmasi1.php -> update validasi operator, petugas konfirmasi dan pengesah tidak boleh sama
21-04-2026|panther_nat/panther_proses.php -> memperbaiki hasilNat yang hasil reaktif dan non reaktif terbalik pada penyimpnanan table stokkantong
20-04-2026|release/qa_release_komponen.php -> update hitung selisih total waktu pada informasi komponen pada release
20-04-2026|pmikasir2.php -> update route cek kantong ke modul/cek_kantong_new.php
20-04-2026|pmiqa.php -> update route cek kantong ke modul/cek_kantong_new.php
20-04-2026|pmikomponen.php -> update route cek kantong ke modul/cek_kantong_new.php
20-04-2026|pmikonfirmasi.php -> update route cek kantong ke modul/cek_kantong_new.php
20-04-2026|pmimobile.php -> update route cek kantong ke modul/cek_kantong_new.php
20-04-2026|pmiaftap.php -> update route cek kantong ke modul/cek_kantong_new.php
20-04-2026|pmikasir.php -> update route cek kantong ke modul/cek_kantong_new.php
20-04-2026|pmip2d2s.php -> update route cek kantong ke modul/cek_kantong_new.php
20-04-2026|pmilogistik.php -> update route cek kantong ke modul/cek_kantong_new.php
20-04-2026|modul/cek_kantong_new.php -> buat modul cek kantong baru
16-04-2026|musnah/musnah_serah.php -> menambahkan form lampiran berita acara dan lampiran dari instansi limbah
16-04-2026|musnah/musnah24.php -> take out lampirakan berita acara, instansi dan petugas limbah
14-04-2026|release/qa_release_komponen.php -> Update Case sensitive nomor kantong jadi kecil semua untuk mengatasi data muncul pada kolom beku, jika menggunakan kantong utama
14-04-2026|modul/pengolahan/pengolahan_temp.php -> mengubah pengambilan Status pada kantong satelit
14-04-2026|profile/ -> ganti semua isi folder profile untuk statistik tatausaha
14-04-2026|images/statistik_trend_donasi.png -> tambah gambar untuk statistik
14-04-2026|images/statistik_ppdds.png -> tambah gambar untuk statistik
14-04-2026|images/statistik_pengujian.png -> tambah gambar untuk statistik
14-04-2026|images/statistik_pengolahan.png -> tambah gambar untuk statistik
14-04-2026|images/statistik_pendonor.png -> tambah gambar untuk statistik
14-04-2026|images/statistik_donasi.png -> tambah gambar untuk statistik
14-04-2026|images/statistik_distribusi.png -> tambah gambar untuk statistik
14-04-2026|tatausaha_statistik.php -> menambahkan beberapa fitur statistik tatausaha
14-04-2026|pmitatausaha.php -> menambahkan modul untuk statistik level tatausaha
10-04-2026|release/qa_release.php -> penambahan textbox noselang pada saat rilis produk
08-04-2026|modul/history_tim_source.php => decrypt file dan menambahkan tombol tambah catatan baru
08-04-2026|pmf/images/loop_back_01.png => ubah ikon dari Loop Back jadi Look Back
07-04-2026| modul/pengolahan/pengolahan_temp.php -> mengatur tglAftap kantong satelit yg diambil dari kantong utama
06-04-2026| modul/rekap_pembuatan_komponen1.php -> mengubah tanggal input sistem menjadi tanggal pengerjaan
06-04-2026| modul/rincian_pembuatan_komponen_xls.php -> mengubah tanggal input sistem menjadi tanggal pengerjaan 
06-04-2026| architec/imltd_import_arc2000_konfirmasi.php -> menambahkan input reagen menjadi 2
17-03-2026| carinoselang_1.php -> penambahan cari verifikasi_kantong.tanggal_buka 
17-03-2026| modul/cek_verifikasi_kantong.php -> tambah file php cek verifikasi 
17-03-2026| modul/simpan_verifikasi_kantong.php -> penambahan simpan tanggal_buka 
17-03-2026| modul/pengambilan_darah23.php -> penambahan tanggal buka kemasan kantong 
17-03-2026| mobileonline/carinoselang_1.php -> tambah file php carinoselang_1 
17-03-2026| mobileonline/view/pengambilan.php -> merubah sistem verifikasi kantong dengan format baru 
17-03-2026| modul/medical_hbgol.php -> mengganti alasan tolak donor 
17-03-2026| modul/medical_check_up.php -> mengganti alasan tolak donor
11-03-2026| modul/pengolahan/pengolahan_temp.php -> mengubah nilai default suhu dan kecepatan alat 
11-03-2026| modul/pengolahan/pengolahan_data.php -> mengubah nilai default suhu dan kecepatan alat 
11-03-2026| cari_transaksi.php -> penambahan file pencarian baru untuk edit transaksi pada menu utility
05-03-2026| abs/abs_proccess.php -> penambahan pengecekan serahterima_detail 
05-03-2026| abs/abd_manualinput.php -> mengubah waktu berapa lama alert muncul 
05-03-2026| abs/abs_manualinput.php -> diganti dengan script yg sudah didecrypt 
05-03-2026| modul/pengolahan/pengolahan_temp.php -> penambahan pengecekan serahterima_detail 
05-03-2026| modul/pengambilan_darah23.php -> menambahkan idudd untuk disimpan kedalam stokkantong.AsalUTD
04-03-2026| modul/cari_pendonor2023.php -> memperbaiki pendaftaran donor baru
02-03-2026| modul/pengolahan/prosesPengolahan.php -> membuat log yg sebelumnya hanya tercatat untuk satu kantong menjadi untuk semua kantong
26-02-2026| serahterima/sr_aftap_komponen_list_2025.php -> penambahan import dan export json 
26-02-2026| serahterima/sr_aftap_import_json.php -> tambah file untuk import json 
26-02-2026| serahterima/sr_aftap_export_json.php -> tambah file untuk export json
18-02-2026| laborat_distribusi.php -> hide untuk pemusnahan lama, dan diganti yg baru 
18-02-2026| index2_laborat.php -> menambahkan modul pemusnahan model baru
18-02-2026| pmilaboratorium.php -> mendecrypt dan menambahkan untuk modul pemusnahan baru 
18-02-2026| musnah/musnah24.php -> menambahkan parameter untuk level uji silang serasi (laboratorium)
14-02-2026| ubah struktur db tabel serahterima_detail_tmp kolom dst_suhu dari varchar(3) jadi varchar(6)
13-02-2026| tambah table release_ulang.sql di db untuk proses pencatatan perubahan status kantong untuk release ulang 
13-02-2026| release/status_qa.php -> untuk proses update status menjadi bisa release ulang serta membatasi hanya kantong status :1,3,5,6 yang tidak bisa release ulang 
13-02-2026| release/qa_list_release.php -> update filter pada rekap release 
13-02-2026| pmiqa.php -> tambah route ubah status 
13-02-2026| qa_release.php -> tambah route ubah status | release/qa_release_inputkantong.php -> penambahan alert pembatasan release ulang jika status keluar, musnah, dan masih di aftap, serta kadaluwarsa
11-02-2026| modul/entry_barang.php -> update generate kode otomatis untuk kode barang
11-02-2026| modul/master_kontak_entry.php -> update generate kode kontak berdasarkan pilihan jenis 
11-02-2026| modul/master_kontak_edit.php -> update pada edit master kontak dan menggunakan generate kode kontak 
11-02-2026| modul/ajax_kode_supplier.php -> ajax untuk generate kode otomatis kontak 
11-02-2026| carinoselang_1.php -> tambah file untuk pencarian noselang 
11-02-2026| modul/pengambilan_darah23.php -> update untuk verifikasi kantong 
11-02-2026| modul/simpan_verifikasi_kantong.php -> update untuk verifikasi kantong 
11-02-2026| modul/medical_hbgol.php -> update untuk Status jadi 1 jika alur fleksibel 
11-02-2026| modul/medical_check_up.php -> update Status jadi 1 jika alur fleksibel
11-02-2026| modul/entry_barang.php -> update generate kode otomatis untuk kode barang | modul/master_kontak_entry.php -> update generate kode kontak berdasarkan pilihan jenis | modul/master_kontak_edit.php -> update pada edit master kontak dan menggunakan generate kode kontak | modul/ajax_kode_supplier.php -> ajax untuk generate kode otomatis kontak | carinoselang_1.php -> tambah file untuk pencarian noselang | modul/pengambilan_darah23.php -> update untuk verifikasi kantong | modul/simpan_verifikasi_kantong.php -> update untuk verifikasi kantong | modul/medical_hbgol.php -> update untuk Status jadi 1 jika alur fleksibel | modul/medical_check_up.php -> update Status jadi 1 jika alur fleksibel
28-01-2026| pmiaftap.php -> menambahkan route modul spengambilan_alat dan pengambilan alat 
28-01-2026| aftap1.php -> menambahkan route spengambilan_alat 
28-01-2026| modul/pengambilan_darah_alat.php -> Menampilkan informasi pengambilan darah dari alat 
28-01-2026| modul/search_transaksi_alat.php -> menampilkan antrian pengambilan darah menggunakan alat
22-01-2026| release/qa_release_donasi.php -> menambahkan informasi awal dan selesai pengambilan aftap pada halaman kantong dan donasi 
22-01-2026| release/qa_release_komponen.php -> menambahkan informasi tanggal pengerjaan komponen, informasi alat, waktu mulai dan selesai pemutaran, pemisahan dan pembekuan
21-01-2026| release/qa_list_berat_kantong_kosong.php -> Menambahkan tombol hapus master berat kantong kosong
15-01-2026| release/qa_beratjenis.php -> memperbaiki agar bisa dicetak 
15-01-2026| musnah/musnah24.php -> menambahkan upload berita acara pada pemusnahan kantong 
15-01-2026| musnah/musnah_list.php -> menambahkan kolom lihat lampiran berita acara pemusnahan 
15-01-2026| musnah/file_berita_acara -> menambahkan folder untuk menampung upload file berita acara
14-01-2026| serahterima/sr_aftap_komponen.php -> memperbaiki substr kantongall
13-01-2026| mobileonline/carinoselang.php -> tambah file 
13-01-2026| mobileonline/formulir_donor_PDF2.php -> tambah file 
13-01-2026| mobileonline/idcard_barcode.php -> tambah file 
13-01-2026| mobileonline/view/rekap_verifikasi_kantong.php -> tambah file 
13-01-2026| mobileonline/index.php -> menambahkan untuk verifikasi kantong 
13-01-2026| mobileonline/view/dashboard.php -> menambahkan untuk verifikasi kantong 
13-01-2026| mobileonline/view/pengambilan.php -> menambahkan untuk verifikasi kantong
07-01-2026| musnah/musnah_rincian.php -> menambahkan rekap berdasarkan goldar dan jenis kantong
23-12-2025| serahterima/sr_list.php -> menambah parameter sudah/belum proses pada bagian kgd dan imltd
19-12-2025| tambah edit_status_kantong.php untuk reset kantong
9-12-2025| mobileonline/view/medicalmcu.php -> mengganti parameter agar nama dokter tersimpan dan mekanisme tidak lolos agar tidak lanjut ke halaman pengambilan
03-12-2025| rekap_pembuatan_komponen1.php -> menambahkan volume pada rekap
02-12-2025| tambah modul/simpan_verifikasi_kantong.php 
02-12-2025| tambah modul/rekap_verifikasi_kantong.php 
02-12-2025| tambah images/verifikasiktg.png 
02-12-2025| pmiaftap.php -> mengganti module rekap_validktg 
02-12-2025| aftap_rekap.php -> mengganti images dari valid kantong ke verif kantong 
02-12-2025| modul/pengambilan_darah23.php -> menambah popup untuk verifikasi kantong 
02-12-2025| tambah verifikasi_kantong.sql pada database 
02-12-2025| pmiadmin.php -> tambah edit kantong dan edit transaksi 
02-12-2025| admin_utility.php -> tambah edit kantong dan edit transaksi 
02-12-2025| tambah cari_kantong.php 
02-12-2025| tambah modul/cari_donor2.php 
02-12-2025| tambah modul/cari_kantong2.php 
02-12-2025| tambah modul/cari_kantong3.php 
02-12-2025| tambah modul/cari_transaksi2.php 
02-12-2025| tambah modul/cari_transaksi3.php
01-12-2025| tpk/cek_sampel.php -> menambahkan lvl aftap agar dapat digunakan di lvl aftap 
01-12-2025| tpk/jadwalpengambilan.php -> menambahkan lvl aftap agar dapat digunakan di lvl aftap 
01-12-2025| tpk/rekap_hasilsampel.php -> menambahkan lvl aftap agar dapat digunakan di lvl aftap 
01-12-2025| tpk/verif_hasilsampel.php -> menambahkan lvl aftap agar dapat digunakan di lvl aftap 
01-12-2025| release/qa_check_kantong.php -> mengganti bagian NAT dari Greyzone jadi Invalid untuk hasil 2 
01-12-2025| release/qa_release_periksa.php -> mengganti bagian NAT dari Greyzone jadi Invalid untuk hasil 2
30-11-2025| pmikasir2.php -> menambahkan tulisan module untuk form_udd, form_uddxls, dan terima_dari_utd_lain
28-11-2025| nat_manualrekap.php -> mengganti dengan yg baru, karena pada saat hasil Invalid tertulis Grey Zone
25-11-2025| download-user.php -> menambahkan keterangan user ketika preview dokumen 
25-11-2025| download-eform -> menambahkan keterangan user ketika download dokumen 
25-11-2025| lacakdokumen.php -> menambahkan print excel pada halaman lacak dokumen dan memperbaharui tabel dan style 
25-11-2025| lacakdokumen-excel.php -> membuat generate excel untuk rekap lacak dokumen 
25-11-2025| Table DB lacakdokumen -> menambahkan kolom keterangan dengan type Varchar(255) 
25-11-2025| dokumen/download.php -> memperbaharui download dokumen ketika file tidak ada 
25-11-2025| eksternal.php -> memperbaharui dan menambahkan CRUD di halaman L5 - Eksternal
21-11-2025| qa_label_cetak.php -> mengubah status NAT yg sebelumnya hardcode jadi membaca dari DB hasilnat
18-11-2025| abs/abs_proccess.php -> diganti dengan yg baru, menyesuaikan agar dapat save semua data termasuk rhesus dan update data ke stokkantong 
18-11-2025| abs/abd_manualinput.php -> diganti dengan yg baru, menyesuaikan agar rhesus terbaca 
18-11-2025| abs/abd_manualrekap.php -> diganti dengan yg baru,
14-11-2025| rekap_pembuatan_komponen1.php -> menambahkan export excel pada rincian pembuatan komponen 
14-11-2025| rincian_pembuatan_komponen_xls.php -> menambahkan file baru buat excel di folder modul
08-11-2025| notifikasi_dokumen.php -> menambahkan menu notifikasi pada Menu MK 
08-11-2025| pmimk.php -> menambahkan path modul notifikasi_dokumen 
08-11-2025| index2.php -> mengganti index2 encrypt dengan yang udah di decrypt dan menambahkan iframe notifikasi_dokumen untuk menu MK
07-11-2025| ubah struktur panjang nokantong pada arstokkantong_temp dari 11 jadi 12 
07-11-2025| musnah24.php -> menambahkan parameter pemusnahan yg belum ada
06-11-2025| form_bdrs.php -> menambahkan input status 0 kedalam table kirimbdrs 
06-11-2025| darahkeluarrs_rincian.php -> mengubah koneksi database dari mysqli_* menjadi mysql_* 
06-11-2025| terima_bdrs.php -> diperbaiki agar dapat digunakan 
06-11-2025| lacakdokumen.php -> filter dan hapus data jika pada lacak dokumen tidak ada nama bidang nya 
06-11-2025| detail_formulir.php -> update query tampilkan data berdasarkan yang aktif 
06-11-2025| edit_formulir.php -> memperbaharui query update formulir dan insert riwayat perubahan dan bisa update tanpa upload ulang file
28-10-2025| pengolahan_temp.php -> menghilangkan batasan pada kantong satelit yang belum disahkan oleh IMLTD agar dapat di proses.
08-10-2025| tambah_bdrs_kasir.php -> membuat agar dapat diakses oleh bagian lain yang terdapat master bdrs
07-10-2025| qa_label_cetak.php -> pada tgl pengolahan WB dibuat "-" dan yang lainnya sesuai tgl pengolahan
01-10-2025| pengolahan.php, aksiPengolahan.js, pengolahan_temp.php, pengolahan_data.php, prosesPengolahan.php -> update pengolahan konvensional dan penambahan tanggal pengerjaan serta inputan pembekuan
22-09-2025| modul/stock.php perubahan wilayah waktu dari Asia/Makassar ke Asia/Jakarta 
22-09-2025| perbaikan timbang_darah.php agar tampil hasil timbang darahnya
19-09-2025| pengolahan.php -> Menambahkan inputan Pembekuan dan inputan waktu pengerjaan 
19-09-2025| aksiPengolahan.js -> menambahkan element beku dan tanggal pengerjaan 
19-09-2025| pengolahan_temp.php -> menambahkan variabel beku dan waktu pengerjaan pada queri dan membuat kantong B bisa di input meski kantong A sudah keluar 
19-09-2025| pengolahan_data.php -> menambahkan rumus volume serta inputan beku dan tanggal pengerjaan 
19-09-2025| prosesPengolahan.php -> menyimpan tanggal pengerjaan ke tanggal pengolahan di stokkantong dan time_aksi pada table user_log 
19-09-2025| table logbook_f -> menambahkan field "Pembekuan Komponen" 
19-09-2025| table dpengolahan_temp -> menambahkan field: "aBeku, mulaiBeku, selesaiBeku, tglPengerjaan" 
19-09-2025| table dpengolahan -> menambahkan field: "tglPengerjaan, aBeku, mulaiBeku, selesaiBeku" 
19-09-2025| mobileonline/view/pengambilan.php -> Menambahkan save noSelang kedalam stokkantong
18-09-2025| Comment untuk kantong selain A pada modul/pengolahan/pengolahan_temp.php 
18-09-2025| release/qa_release.php tambah logika jika user Putri maka tersimpan dr. Srihartaty
10-09-2025| input_ik.php, input_ika.php, input_formulir, dan detail_pks2.php (Menambahkan Where Aktif pada detail SPO dan penginputan)
04-09-2025| Penambahan struktur database pada tabel ar_stokkantongtemp dan ar_stokkantong_trans (Untuk Pemusnahan Darah) 
04-09-2025| Penambahan struktur database pada kolom bagian dan notrans pada ar_stokkantong (Untuk Pemusnahan Darah)
10-07-2025| ====================== MIGRASI SISTEM KE SIMDONDAR 3.7 ======================
15-05-2025| BARCODE : penambahan digit HEXA dari 4 ke 5 digit
10-05-2025| RELEASE : Perubahan label Release.
19-04-2025| KOMPONEN : UPDATE Penambahan Cetak Label Komponen (pada Pengolahan dan Cetak Label Manual).
18-04-2025| DONOR : UPDATE Penambahan Filter (Lolos MCU & Gagal MCU) pada pencarian data Antrian Donor.
12-04-2025| PROLIS : UPDATE label Release, penambahan pilihan ukuran label yang dipakai di UDD
12-04-2025| BARCODE : Update label barcode, dengan penambahan identitas metode (TR,TT,TBF) di kanan atas, dan menambah opsi apakah informasi kantong (volume, Lot & ED) akan ditampilkan/tidak
06-04-2025| IMLTD : Penambahan menu Release hasil Duplo dan penambahan table duplo_release pada database
03-04-2025| P2DDS : Pergantian Modul Kategori Instansi dan Master Instansi
29-03-2025| KOMPONEN : Penambahan Modul Pemenuhan Permintaan Dropping darah dari BDRS.OR.ID.
25-03-2025| LOGISTIK : Update Barcode Kantong (Penambahan jenis kantong TB, TBF, TT)
24-02-2025| ADMIN : Update Index
27-02-2025| ADMIN : Update Pengiriman Laporan Online
21-02-2025| ADMIN : Update Cek Laporan
20-02-2025| ADMIN : Perubahan sistem Upload Stok
20-02-2025| ADMIN : Perubahan Setting Server di Level Admin, penambahan input PORT
20-02-2025| DATABASE : Re-struktur table db_server penambahan port akses server
12-02-2025| KGD : Perbaikan Bug, Log Audit trail belum dimasukkan sebelumnya
10-02-2025| KOMPONEN : Update bugs pada Proses Simpan dan Lanjutkan.
08-02-2025| KGD : Mengganti Modul Pemeriksaan KGD dan Rekap Pemeriksaan KGD
08-02-2025| DATABASE : Re-struktur table dkonfirmasi
06-02-2025| KGD : Perbaikan modul Rekap Konfirmasi Golongan Darah
06-02-2025| ADMIN : Perubahan data login
05-02-2025| KOMPONEN : perubahan modul Komponen
04-02-2025| PUF : Penambahan modul Distribusi PUF
04-02-2025| ADMIN : Pergantian modul Audit Trail
02-02-2025| FIX : Perubahan ceklogin (menghilangkan beberapa session yang tidak diperlukan dan tidak ada pada field user dan perubahan query)
02-02-2025| PUD : Data Stok PUF
02-02-2025| PUD : Penambahan Dashboar PUF pada level fraksionasi
02-02-2025| DATABASE : Melakukan re-struktur table release
02-02-2025| ABS : Penambahan Pemeriksaan Antibody Screening input Manual
25-01-2025| NAT : Perubahan modul Input Pemeriksaan NAT Manual
24-01-2025| PUF : Input Kantong untuk stok PuF
24-01-2025| PUF : Icon2 dan Menu-menu PUF
24-01-2025| INDEX : Pergantian modul stok di file index
23-01-2025| PUF : Cek Kantong
23-01-2025| PUF : Cek Stok
23-01-2025| DATABASE : Pembuatan View 
23-01-2025| DATABASE : Re-strukture table hasilnat
23-01-2025| DATABASE : Re-strukture table dikonfirmasi
23-01-2025| IMLTD : Penambahan modul Koneksi Alat Panther NAT
23-01-2025| ADMIN : Pergantian modul Catatan Perbaikan SIMDONDAR (History Update oleh TIM SIM)
23-01-2025| SYSTEM : Pemasangan cronjob Sinkron data donor dan Proses Background IMLTD untuk PMF
23-01-2025| PMF : Modul Loop Back
23-01-2025| PMF : Modul Upload Plasma Master File
23-01-2025| PMF : Modul Prevalensi Jenis Donor
23-01-2025| PMF : Modul Prevalensi
23-01-2025| PMF : Modul Insidensi
23-01-2025| PMF : Modul Hasil Reaktif
23-01-2025| PMF : Modul Background Process untuk dukungan data PMF
23-01-2025| DATABASE : Re-Struktur table imltd
23-01-2025| PMF : Modul Penolakan Donor
23-01-2025| PMF : Modul Audit Trial
23-01-2025| PMF : Modul Dokumen Mutu
23-01-2025| PMF : Modul Master Kantong
23-01-2025| PMF : Modul antikoagulan
23-01-2025| PMF : Modul Master Reagen IMLTD
23-01-2025| PMF : Modul Audit Internal
23-01-2025| PMF : Modul Inspeksi
23-01-2025| PMF : Modul Master UDD
23-01-2025| DATABASE : Penambahan table  Dokumen Mutu
23-01-2025| DATABASE : penambahan table-table untuk Plasma Master File
23-01-2025| DATABASE : Penambahan table master provinsi,kabupaten/kota, kecamatan dan kelurahan
23-01-2025| DATABASE : Re-strukture table <b>utd</b>
22-01-2025| LOGISTIK : Pergantian dan penambahan modul <b>Barcode</b> kantong
22-01-2025| DATABASE : Penambahan table <b>stokkantong_mutasi</b>
22-01-2025| DATABASE : Re-strukture table stokkantong
21-01-2025| DATABASE : Penambahan table merk_kantong
21-01-2025| DATABASE : Penambahan level Fraksionasi Plsama di Ganti Level
21-01-2025| ADMIN : Pergantian Icon Level
21-01-2025| ADMIN: Pergantian Modul User
21-01-2025| DATABASE : Re-strukture table <b>user</b>
21-01-2025| DATABASE : Re-strukture table <b>level</b>
21-01-2025| =============================== PUF MODUL ====================================
10-12-2023| Update css asset dan improve index2
30-03-2020| Update penelusuran <i>cek kantong</i> ke kantong asal untuk produk Split dan Pooled ,,,,,,,,
30-03-2020| <b>QA</b> Menambahkan modul serah terima kantong dari rilis ke distribusi darah ,,,,,,,,
30-03-2020| <b>QA</b> Update Rilis data kantong menghilangkan interval pengambilan - pengolahan pada produk WB, Produk Split dan Pooled,,,,,,,
30-03-2020| <b>QA</b> Update Rilis data donasi untuk kantong split dan pooled,,,,,,,,
30-03-2020| <b>QC</b> Update kartu stok data bahan dan peralatan penting,,,,,,,,
30-03-2020| <b>QC</b> Update logbook bahan dan peralatan penting,,,,,,,,
30-03-2020| <b>QC</b> Penambahan modul rekap sampel QC,,,,,,,,
30-03-2020| <b>QC</b> Penambahan modul penerimaan sampel QC,,,,,,,,
30-03-2020| <b>Komponen</b> Penambahan modul serah terima darah dari komponen ke produk rilis,,,,,,,,
30-03-2020| <b>Komponen</b> update ED produk PRC kantong Quadriple (42 hari),,,,,,,,
30-03-2020| <b>Komponen</b> Update modul rekap dan rincian pembuatan komponen,,,,,,,,
30-03-2020| <b>Komponen</b> update modul komponen dengan penambahan input waktu pengolahan, kecepatan pemutaran dan suhu pembekuan (plasma),,,,,,,
30-03-2020| <b>Komponen</b> Penambahan modul komponen metode pooled,,,,,,,,
30-03-2020| <b>Komponen</b> Penambahan modul komponen metode split ,,,,,,,,
30-03-2020| <b>Aftap</b> Perubahan modul pengesahan menjadi modul serah terima darah dan sampel ,,,,,,,,
30-03-2020| <b>Aftap</b> Perbaikan tgl. Aftap menjadi tanggal dan jam mulai pengambilan darah ,,,,,,,,
30-03-2020| <b>Aftap</b>  Perbaikan tgl. Aftap menjadi tgl registrasi donor,,,,,,,,
30-03-2020| <b>Logistik</b> Penambahan menu master kantong,,,,,,,,
30-03-2020| <b>Logistik</b> Penambahan ED kantong terbuka pada label Kantong A,,,,,,,,
30-03-2020| <b>Logistik</b> Penambahan opsi tipe Codabar di penambahan kantong,,,,,,,,
28-01-2020| Update menu <b>Rekap Permintaan Barang dari Bagian</b> pada level <b>Logistik</b>, menambahkan kolom Keterangan dan fasilitas pencarian data berdasarkan Nama Bagian dan atau Keterangan untuk kemudahan penelusuran data,,,,,,,
13-01-2020| Menon-aktifkan menu <b>Kirim BDRS</b>, <b>Kirim UDD</b> dan <b>Terima BDRS</b> yang lama dan menata ulang susunan menu <b>Distribusi</b> pada level <b>Komponen</b>,,,,,,,
13-01-2020| Update menu dropping dengan menambahkan <b>Daftar Darah Kembali</b> dan perbaikan menu pengembalian produk dimana sebelumnya thd dropping darah yang dilakukan sebelum modul dropping diupdate, sistem tidak dapat meng-update table pengiriman ke bdrs atau udd PMI,,,,,,,
09-01-2020| Penambahan modul <b>Dropping Produk Darah</b> ke BDRS maupun UDD (Permintaan Dropping &#10137 Droppping Darah &#10137 Pengembalian Dropping)<li>Tambahan 2 table dan view pada database `drop_h` dan `drop_d`</li><li>Restruktur table `kirimbdrs` dan `kirimudd`</li><li>Modul ini menggantikan menu : <b>Kirim BDRS, Kirim UDD, Terima BDRS</b></li>,,,,,,
21-12-2019| Update level <b>P2DDS</b> Cetak kartu donor dengan tambahan pilihan mencetak ID Card Donor dengan model QR,,,,,,,,
18-12-2019| Menambah log pada saat auto backup : Mulai Backup, Sukses/Gagal Backup data,,,,,,,
18-12-2019| Menambahkan log pada saat <b>CRON</b> melakukan pemindahan file-file backup ke HDD 2,,,,,,,,
18-12-2019| Update Disable Log pada index sebelum user login untuk mengurangi beban database,,,,,,,,
18-12-2019| Update menu <b>RELEASE PRODUK</b> menghilangkan perhitungan lama pengolahan darah pada tab <i>Trace</i> kantong terhadap produk WB karena tidak melewati proses pengolahan darah,,,,,,,,
17-12-2019| Update layout History Pendonor ,,,,,,,,
17-12-2019| Update tampilan backup file : menampilkan tanggal, jam, nama file backup dan ukuran file backup,,,,,,
16-12-2019| Update Check Kantong pada Prolis, BDRS tertulis BRSD pada bagian distribusi,,,,,,,
16-12-2019| Update history donor dengan menampilkan hasil KGD pada masing-masing transaksi donor,,,,,,,,
04-12-2019| Update stok darah pada level Komponen dan Release tambahan kolom Sisa Hari menjelang Kadaluwarsa,,,,,,,,
25-11-2019| Penambahan <i>manual book</i> pada level Tata Usaha (Manual Laporan SIMDONDAR),,,,,,,,
25-11-2019| Fix Bug : Rekap Darah Titip, nowrap column, dan pada kolom jenis, apabila jenis permintan tidak diisi maka akan muncul ""ARRAY"" pd kolom tsb",,,,,,,,
22-11-2019| Update informasi stok, menambahkan toolstip informasi stok minimal dan maksimal khususnya pada stok release jenis darah PRC dan TC,,,,,,,
22-11-2019| Fix Bug Laporan (Laporan Komponen Darah), pada kolom Permintaan, permintaan jenis FP (Fresh Plasma) belum masuk, sehingga total permintaan darah menjadi tidak seimbang. Permintaan jenis FP dijadikan satu dengan Permintaan Jenis LP (Liquid Plasma),,,,,
16-11-2019| Update Check Stok pada bagian Distribusi dan Crossmatch, tambahan rincian kantong darah yang dititipkan (MK Request),,,,,,,
08-11-2019| Update Level Logistik : tambahan filter barang pada saat rekap Baarang masuk dan barang keluar,,,,,,,,
01-11-2019| Update menu info stok di bagian komponen dan prolis,,,,,,,,
31-10-2019| Update design sub domain /mu ,,,,,,,,
08-10-2019| Update Informasi Stok (Check Stok pada seluruh level) Quick Load  dan (pembuatan view pada MySQL Server),,,,,,,,
17-09-2019| Tambahan sub domain pmi_tangguh untuk informasi stok dan mobile unit beberapa hari ke depan untuk di<i>share</i> pada media sosial,,,,,,,,
07-08-2019| Update Interface Architect i2000,,,,,,,,
05-07-2019| <i>UPGRADE build SIMDONDAR V3.5.1</i> Tambahan Level Tata Usaha yang memuat:<br>- Pendataan Umum, Ketenagaan, Sistem Pelayanan Darah dan Immunohematologi<br>- Laporan Bulanan dan Tahunan<br>- Pengiriman Laporan Online<br>- Statistik Pelayanan Darah,,,,,,
22-06-2019| Perubahan Setting Server database untuk seting server Ayodonor dan server Pelaporan Online,,,,,,,,
22-06-2019| Perubahan mod user utk akses level TATA USAHA,,,,,,,,
15-06-2019| <i>Fix bug</i> Rekap Permintaan darah tidak ada jumlah pada tab permintaan per bagian di rumah sakit,,,,,,,,
14-06-2019| Update Front SIMDONDAR yang menampilkan poster secara acak pada folder /poster ,,,,,,,,
18-05-2019| Update tampilan Laporan/rincian transaksi donor pada mobile unit,,,,,,,,
18-05-2019| Update tampilan antrian check up pendonor dan antrian pengambilan (aftap) - menambahkan nomor urut,,,,,,,,
10-05-2019| Penambahan table untuk persiapan Laporan Online,,,,,,,,
04-05-2019| Update <b>Edit Registrasi Pendonor</b> : memblokir perubahan tanggal kembali donor,,,,,,,,
26-04-2019| Perubahan penampilan Rincian Transaksi Donor,,,,,,,,
19-03-2019| Penambahan merk kantong CompoFlex ,,,,,,,,
19-03-2019| Update Rincian Pemeriksaan IMLTD, penambahan kolom Jenis Donor, Donor Baru/Lama dan Umur,,,,,,
15-03-2019| <i>Fix Bug</i> pada Check Kantong level QA (release) & Level Pimpinan (<i>Bug</i> : Data Serah terima yang ditampilkan tidak sesuai) --> <i>Fix</i> perbaikan script INNER JOIN ON KEY,,,,,,,,
17-01-2019| Update menu <b>Evaluasi Kegiatan Mobile Unit</b> pada level Mobile Unit-Rekap untuk ekspor data ke XLS,,,,,,,,
17-01-2019| Update aplikasi timbangan Prolis untuk mencegah <i>database disconnect</i> saat aplikasi <i>idle</i> dalam waktu yang lama,,,,,,,,
31-12-2018| Tambahan menu pada level <b>IMLTD</b>: <br>1. Rincian Pemeriksaan Uji Saring IMLTD<br>2. Rekap Pemeriksaan Uji Saring IMLTD,,,,,,,,
31-12-2018| Update menu pada level <b><i>Crossmatch</b></i>:<br>1.Perbaikan Tampilan Rincian Pemeriksaan Uji Silang Serasi<br>2. Rekap Pemeriksaan Uji Silang Serasi,,,,,,,,
31-12-2018| Update menu pada level <b>Pasien Service</b>:<br>1. Perbaikan Rincian Permintaan Darah<br>2.Perbaikan Tampilan Rincian Pengeluaran Darah,,,,,,,,
31-12-2018| Tambahan menu pada level <b>Pasien Service</b>:<br>1. Rekap Permintaan Darah<br>2. Rekap Pengeluaran Darah,,,,,,,,
31-12-2018| Tambahan menu pada level <b>Komponen</b><br>1. Rekap Dropping & Pengembalian Darah ke & dari  BDRS<br>2. Rekap Dropping Darah ke UDD PMI,,,,,,,,
16-12-2018| Penambahan menu <b>Rekap Konfirmasi Golongan Darah</b> dan <b>Penggunaan Reagensia Anti-A,B dan D</b> pada Level Konfirmasi ,,,,,,,
11-12-2018| Penambahan menu <b>Evaluasi Kegiatan Mobile Unit</b> pada level Mobile Unit-Rekap,,,,,,,,
03-12-2018| Update modul jadwal MU, penambahan field <b>koordinator</b> pada setiap kegiatan,,,,,,,
27-11-2018| Penambahan modul <b>cetak barcode kantong</b> untuk label barcode 1 baris,,,,,,,,
19-11-2018| Update <i>script</i> backup, penambahan informasi <i>file size</i> hasil backup ke <i>audit trail</i> untuk mengetahui trend semakin besar ukuran file backup (dalam keadaan normal, semakin hari akan bertambah besar file backup),,,,,,
19-11-2018| Update menu check kantong pada level QA, Tgl dan Waktu Pengambilan disisi kiri diubah menjadi Tgl dan Waktu Registrasi sedangkan Tgl dan Waktu Pengambilan ditambahkan di sisi kanan pada sub bagian Pengambilan Darah,,,,,,,
19-11-2018| Update menu logout, dimana sebelumnya masih mempergunakan <b>SIMUDDA</b> diganti menjadi <b>SIMDONDAR</b>,,,,,,,
23-10-2018| Update modul <b>Release</b> untuk mengupdate volume di table <i>stokkantong</i> dimana sebelumnya belum melakukan update pada volume produk di table <i>stokkantong</i> sesuai dengan hasil konversi penghitungan dari berat produk yang dilakukan pengukuran menggunakan timbangan digital.,,,,,,,,
23-10-2018| Perubahan menu Check kantong pada level Pimpinan dan Konseling seperti pada level QA (Release Produk), tetapi menampilkan data pendonor,,,,,,,
23-10-2018| Perubahan menu Check Kantong pada level QA (Release Produk) menampilkan seluruh informasi kantong yang terkait : Data Umum, Data Distribusi/Pemusnahan, Data Logistik, Data Pengambilan tdk termasuk nama donor, Data Pengujian, Data Pengolahan, DataPengesahan, termasuk Audit Trail Kantong,
23-10-2018| Perubahan modul Upload dan Download, menambah report download dan upload. Menambah menu report pada level Rekap Mobile Unit,,,,,,,
23-10-2018| Update modul login pada pergantian password, password minimal 8 karakter,,,,,,,
15-10-2018| Update Bug modul <b>RELEASE</b> <br>1. Sebelumnya pada saat history IMLTD terdapat hasil reaktif, modul belum otomatis menonaktifkan check list. <br>2. Lama Pengambilan tidak muncul pada saat kantong satelite dilakukan release,,,,,,,
25-09-2018| Update modul <b>KOMPONEN</b> Menu Check Stok, dengan tambahan rincian stok darah sehat,,,,,,,
12-09-2018| Update modul <b>KOMPONEN</b> tambahan cetak pada list pengolahan produk,,,,,,,,
12-09-2018| Update modul <b>QC</b> tambahan cetak list produk yang sudah dilakukan pelulusan produk,,,,,,,,
24-08-2018| update modul <b>PENGAMBILAN</b> pada baris <i>audit trail</i> sebelumnya status pengambilan sesuai dengan field yang disimpan (0,1,2), diubah pada insert audit trail menjadi : Berhasil,Batal,Gagal,,,
24-08-2018| Update modul <b>IMLTD</b> menu <b>Check Kantong</b>  perbaikan bug pada informasi LOT dan ED REAGEN, dimana terdapat 2 data berbeda yang tersimpan pada table elisa pada field LOT Reagen<br>1. Kode Reagen<br>2.Lot Reagen.<br>Menambah pencabangan terhadap hal tersebut sehingga informasi LOT dan ED Reagen dapat ditampilkan,,,,,,,
24-08-2018| Update modul <b>RELEASE</b> perbaikan bug pada tab Pemeriksaan IMLLTD dan Jejak Pemeriksaan IMLTD dimana terhadap data hasil elisa yang mencantumkan nomor lot pada table elisa semula tidak dapat ditampilkan Lot Reagen pada Release. Mode update data pada modul elisa ada 2 metode penyimpanan lot yaitu dengan menyimpan LOT dan menyimpan KODE REAGEN, sehingga sebelumnya apabila berbeda, informasi yang ditampilkan akan kosong,,,,,,
17-08-2018| Update modul <b>RELEASE</b> tambahan pilihan cetak label release produk yang terdiri dari 2 jenis ukuran:<br> - Label besar (95mm x 50mm)<br> - Label kecil (75mm x 35mm),,,,,,,,
20-07-2018| Update modul <b>RELEASE</b> parameter kantong 450ml dan release darah WB (dengan variabel tambahan volume antikoagulan),,,,,,,,
06-06-2018| Upgrade <b>Pengesahan Kantong</b> pada level <b>KOMPONEN</b> menjadi <b>Serah Terima Kantong dan Sample Aftap</b> ke Bagian Komponen dan Uji Saring,,,,,,,,
20-05-2018| Tambahan Rekap Release Produk,,,,,,,,
18-05-2018| Update Rekap Pembuatan Komponen pada level <b>KOMPONEN</b> ,,,,,,,,
18-05-2018| Update Rekap Pemusnahan Komponen pada level <b>KOMPONEN</b> ,,,,,,,,
28-03-2018| Tambahan cetak label pada level QA untuk mencetak label produk yang sudah diluluskan melalui <b>Produk Release</b> ,,,,,,,,
24-03-2018| Tambahan Modul <b>RELEASE PRODUK</b> (Trial) pada level QA,,,,,,,,
23-03-2018| Tambahan Modul pada level QA (<b>Release Produk</b>) : Berat Jenis Komponen untuk mengedit Berat Jenis Komponen dan Spesifikasi Komponen Darah lainnya untuk Release Produk,,,,,,,,
23-03-2018| Tambahan Modul pada level QA (<b>Release Produk</b>) : Berat Kantong kosong , untuk data berat kantong kosong keperluan Release Produk,,,,,,,
23-03-2018| Tambahan Modul pada level QA (<b>Release Produk</b>) : List Penimbangan Produk Darah dari aplikasi Timbangan Produk Darah,,,,,,,,
23-03-2018| Tambahan <b>Aplikasi Timbangan Produk</b> terkoneksi ke SIMDONDAR untuk Moodul <b>Release Produk</b>,,,,,,,,
19-03-2018| Update <i>news</i> SIMDONDAR --khususnya <i>news</i> kegiatan  kegiatan mobile unit,,,,,,,,
22-02-2018| Tamhahan menu <b>Perubahan Status Kantong</b> pada level IMLTD. Status kantong hanya bisa diubah apabila darah belum keluar. Status Kantong hanya bisa diubah ke SEHAT atau CEKAL,,,,,,,,
20-02-2018| Tambahan menu Laporan Kegiatan Mobile Unit (sesuai Permenkes) pada level Mobile Unit - Rekap Transaksi,,,,,,,,
06-02-2018| Tambahan modul interface untuk pemeriksaan IMLTD menggunakan instrument <b>Roche Cobas 6000</b>,,,,,,,,
02-02-2018| Re-Build Interface <b>Abbott Architect <i>i</i>2000SR</b> (interface) <i>auto detect</i> apabila pemeriksaan sample dilakukan dengan system BATCH,,,,,,,,
05-01-2018| Update Rincian Dropping darah ke BDRS, tambahan Rekap Dropping dan Kembali di bagian bawah Rincian,,,,,,,
01-01-2018| Penambahan <b>Manual SIMDONDAR</b> pada setiap Level  ,,,,,,,,
31-12-2017| Perubahan urutan letak informasi stok darah dari <b>(A,B,AB,O)</b> menjadi <b>(A,B,O,AB)</b>,,
25-12-2017| Penyisipan script audit trail setiap script yang berhubungan dengan akses data (insert, update, delete) dan menambah menu Audit Trail pada level Admin dan Pimpinan,,,,,,
25-12-2017| <b>Restruktur menu</b> tiap-tiap level sesuai Pertemuan TIM SIMDONDAR PMI di Banjarmasin tanggal 4-8 Desember 2017,,,,,,,,
07-08-2017| Penambahan modul pada level IMLTD untuk koneksi dengan Alat <b>Abbott Architect <i>i</i>2000SR</b>, sekaligus restrukturirasi table elisa dan dan rapid pada index agar sample yang sama diperiksa ulang dapat ter-<i>insert</i> Modul ini berhubungan dengan <b>SIMDONDAR-Abbott Architect <i>i</i>2000SR Interface</b>,,,,,,,
01-08-2017| Edit Tata letak cetakan Label komponen dan menghilangkan identitas pasien (Khusus label komponen darah),,,,,,,,
18-07-2017| Edit Front SIMDONDAR : Penambahan grafik perolehan darah untuk tahun sebelum tahun saat ini,,,,,,,,
10-07-2017| FIX modul Konfirmasi Golongan darah (<i>INSERT ONLY</i>), dimana sebelumnya apabila KGD thd kantong yang sudah pernah dilakukan, maka data KGD sebelumnya di-UPDATE, sehingga tidak dapat melakukan pelacakan pemeriksaan KGD berulang. Dan perbaikan tampilan Rekap Pemeriksaan Konfirmasi Golongan Darah.,,,,,
28-06-2017| Tambahan modul Ucapan Ultah pada staf di front,,,,,,,,
25-04-2017| Finishing cron upload ke <b>Data Nasional</b> Data Pendonor, Data Donasi, Data Kantong, Data TTI, Data Konfirmasi Golongan Darah, Data Pengolahan Komponen, Data QA, Data User UTD, Data Dokter UTD
19-04-2017| Update content pada kolom Jenis Permintaan pada menu Rekap Transaksi Permintaan Darah Pasien.,,,,,,,,
18-04-2017| Perbaikan Bug pada input permintaan pasien dengan ketidaksesuaian pada field UMUR yang belum terdapat pada tabel pasien.,,,,,,,,
14-04-2017| Penambahan modul cron untuk upload ke <b>Data Nasional</b> : Pendonor, Dokter UTD, User,,,,,,
14-04-2017| Update <b>Edit Registrasi/Data Pendonor</b>, modul <b>user</b> dan modul <b>dokter</b> menambahkan field untuk keperluan sinkronisasi Data Nasional,,,,,,,
13-04-2017| Update file Encrypt <b>Grafik Pendonor</b> pada tampilan depan agar jalan pada Ubuntu Versi 12.04 LTS,,,,,,,,
13-04-2017| Update Modul IMLTD Procleix Ultrio NAT, konfirmasi pemeriksaan mencekal pendonor dengan Cekal NAT apabila hasil NAT reactive,,,,,,,
13-04-2017| Update Pengesahan kantong aftap : tambahan informasi status dan keberadaan apabila kantong tidak berhasil disahkan, dan penambahan menu Pengesahan di Level Komponen, utk validasi petugas komponen pada saat penerimaan kantong dari aftap,,,,,,
12-04-2017| Update Tampilan Nama Bagian & Nama Barang pada Form-Form input Orber, Pembelian, Barang Bantuan, Jual Barang, Kirim ke Bagian, dan Form Permintaan barang di bagian Logistik.,,,
12-04-2017| Update penambahan Fungsi Aktif/NonAktif pada submenu Master Barang di bagian Logistik.,,,,,,,,
08-04-2017| Update penambahan Radio Button untuk pencarian data pendonor Apheresis, yang di set default ""Tidak"".",,,,,,,,
08-04-2017| update file Encrypt pada file (background_*.php),,,,,,,,
04-04-2017| Perbaikan css front (top margin peta/video 5px),,,,,,,,
04-04-2017| Perbaikan tampilan Agenda UTD (menampilkan isi agenda yang sebelumnya tidak ada) --> Agenda ini akan ditampilkan pada front SIMDONDAR sesuai dengan tanggal mulai sampai tangal berakhir.,,,,,,,,
04-04-2017| - Perbaikan BUG pada Pencarian Data Pendonor, perbaikan terdapat pada apabila data pendonor memiliki salah satu data (ex : Wilayah, Alamat, Tgl Lahir, dls) Kosong/Tidak Terisi, maka pendonor tersebut tidak akan muncul pada pencarian.,,,
04-04-2017| - Perbaikan BUG pada Input Permintaan Darah Pasien.,,,,,,,,
18-03-2017| - Update modul backup (dari folder gerai ke folder backup_data) serta menampilkan semua file backup yang ada <br> - Menambahkan modul untuk update otomatis sesuai jadwal,,,,,,,,
24-02-2017| Update modul pada level IMLTD untuk koneksi Instrument Autoanalyzer <b>Diasorin Liaison<sup>&reg</sup>XL</b>,,,,,,,,
10-02-2017| Udpate Front (Header dan footer),,,,,,,,
10-02-2017| Update Register Donor (Penambahan atau Edit Data) dengan otomatis merubah format penulisan nama sesuai standar nasional,,,,,,,,
10-02-2017| Fitur untuk melakukan penambahan, perubahan, serta penghapusan data ganda baik Medis, Kelas, hingga Diagnosa oleh petugas Kasir, yang belum terdapat pada SIMDONDAR.,,,
10-02-2017| Update - Level Logistik semua transaksi merujuk pada Nomor Anggaran Biaya,,,,,,,,
10-02-2017| BUG level aftap - setelah simpan pada transaksi donor mobile unit, menuju ke search pendonor yang lama,,,,,,,
10-02-2017| Update modul Medical Check up - Setelah pencarian data donor, langsung menuju ke medical check up,,,,,,,
10-02-2017| Update penambahan field Nomor Rekam Medis Pasien pada formulir permintaan darah,,,,,,,,
10-02-2017| Perbaikan BUG pengeluaran darah,,,,,,,,
10-02-2017| Update penambahan donor cekal per instansi,,,,,,,,
10-02-2017| Update Logistik fitur barang sudah tidak aktif,,,,,,,,
10-02-2017| UPDATE penambahan jenis barang pada logistik,,,,,,,,
10-02-2017| Perbaikan BUG pencaharian donor dengan perubahan fungsi SQL mengabaikan NULL pada field data pendonor,,,,,,,,
10-02-2017| Perbaikan BUG level logistik input barang bantuan yang belum menmperbaharui stok barang,,,,,,,,
10-02-2017| Update logistik penambahan fitur manajemen paket donor ,,,,,,,,
03-12-2016| Update Menu baru Input, Baca, Update, serta Hapus data <b>Diagnosa Klinis</b> pada Level <b>Pasien Service</b>.,,,,,
03-12-2016| Update Menu baru Input, Baca, Update, serta Hapus data <b>Medis (Bagian)</b> pada Level <b>Pasien Service</b>.,,,,,
02-12-2016| Perbaikan pada menu Edit Barang pada Level Logistik : </br>1. Tidak men-<b>Auto POST</b> jenis Barang yang diEdit reagen atau bukan reagen.</br>2. Tidak ada jenis Barang ""<b>Service Donor</b>"" dalam fitur Edit Barang.",,,,,,,,
02-12-2016| Perbaikan Cetak Kwitansi pada Level Pasien Service, setelah close kwitansi maka didirect pada level yang aktif.,,,,,,,
02-12-2016| Perbaikan fitur Logistik, dimana ketika melakukan input data transaksi Order pembelian yang muncul pada field Supplier dan Barang harusnya Nama Supplier dan Nama Barang.,,,,,,,
01-12-2016| Update struktur tabel kwitansi yang membuat cetak kwitansi tidak muncul pada waktu cetak kwitansi.,,,,,,,,
30-11-2016| Perbaikan Fitur Tambah Kategori, yang sebelumnya tidak bisa berfungsi secara maximal pada level P2D2S.,,,,,,,
30-11-2016| Perbaikan Menu BDRS, tambah, edit, serta Hapus data BDRS yang awalnya tidak bisa dilakukan pada level Komponen.,,,,,
29-11-2016| Update nama UTD yang tidak memiliki ID/Kode Wilayah, yang menyebabkan error pada fitur Cek Status Darah.,,,,,,,
28-11-2016| Perbaikan modul sms inbox, yang awalnya dari level p2d2s tidak bisa melakukan balas sms.,,,,,,,
28-11-2016| Perbaikan fitur SMS Gateway, seperti : <br>INFO STOK<br>INFO STOK goldarah</br> yang error apabila mendapat sms dari luar.<br>Yakni dengan cara Update data tabel produk field sosA,sosB,sosO,serta sosAB, yang awalnya berisikan NULL pada semua data.,,,
27-11-2016| Update Struktur database dari data SIMUDDA ke Struktur data SIMDONDAR.<br>Migrasi Data dari SIMUDDA ke SIMDONDAR.,,,,,,,,
08-08-2016| Update Update penggabungan fitur setelah pertemuan timsim, P2D2S,search Pendonor,Pasien service,QC,QA,,,
06-06-2016| Update Proses ubah/edit pembayaran, bug hilang kan - update gol_darah menu komponen.,,,,,,,
23-04-2016| Update Donor kembali 60 hari, menu input untuk crossmatch dengan hasil INCOMPATIBLE TIDAK BOLEH KELUAR,,,,,,,
01-11-2015| Update pada menu P2D2S untuk database detailinstansi kegiatan dan pada proses download upload untuk menghitung tgl donor instansi berikut nya ,,,,,,,,
28-10-2015| Update pada rekap pencetakan barcode, pindahan darah, dan rekap kantong belum terpakai,,,,,,
10-10-2015| Update pada rekap darah keluar, dipisah antara rincian dan rekap, perubahan database dtransaksipermintaan,,,,,,
01-10-2015| Update menurekap darah keluar edit database crossmatch oenambahan produk gol dan rh darah, update menu konfirmasi goldar metode cukup kklik sekali, menu pembuatan komponen yang tdk usah input tgl kadaluwarsa,,,,,,
14-09-2015| Update pada rekap darah buang dan cetak formulir donor untuk shift biar langsung masuk ke transaksi,,,,,,,,
09-09-2015| Update menu input kantong tambah tgl exp.ktg dan nolot, logistik, pada input barang dan rekap barang keluar,rekap transaksi donor harian,pembuatan dan rekap pembuatan komponen, cet stok dipisah dengan cek kantong,cek stok di export ke excel,input konfirmasi goldar,
27-08-2015| Update form nota, dan jenis layanan pasien,,,,,,,
12-08-2015| Update menu input untuk history data donor lama sebelum ada simudda (data manual) dan pemeriksaan imltd reaktif otomatis masuk darah buang, serta menu pemusnahan darah tidak ada lagi alasan reaktif,,,,,,,
10-08-2015| Update pada history donor, untuk bisa di eksport ke excel,,,,,,,
07-08-2015| Update Cetak formulir donor bisa dilakukan disaat searching data donor (level aftap donorservice mobileunit p2d2s), dan jka dicetak, maka akan langsung masuk antrian donor,,,,,,
23-05-2015| Update SMS 10 digit nomor pada SMS broadcast, menampilkan diagnosa pada cetak cross,,,,,,,
21-05-2015| Update SMS untuk donor apheresis dan penambahan kata BPK/IBU/SDR/SDRI dan menu cetak formulir donor, untuk bisa dipakai di Mobil Unit,,,,,,,
30-04-2015| Update fixed Bug pada data donor yang tgl kembali dan tanggal entry berupa 1970..,,,,,,,,
29-04-2015| Update Rekap pendonor eksport le excel level administrator,,,,,,,,
15-04-2015| Update LTTD III,,,,,,,,
27-03-2015| Update rekap pengiriman ke BDRS dan UTD lain,,,,,,,,
12-03-2015| Update rekap IMLTD ditambah umur,jenis donor, dan jenis kelamin,,,,,,
25-02-2015| Update form rekap hasil imltd.ditambah jenis kantong,,,,,,,,
22-01-2015| Update di level konseling untuk bisa kirim surat konfirmasi donor reaktif, dan rekap darah keluar,,,,,,,
20-01-2015| Update Bug dimenu konfirmasi goldarah, untuk bisa ubah data pendonor dan transaksi sesuai dengan gol darah dan rhesus darah,,,,,,,
12-01-2014| Update upload file hasil export DAVINCI QUARTO,,,,,,,,
29-12-2014| Update Cetak  hasil IMLTD untuk melengkapi data pendonor,,,,,,,,
24-11-2014| Update upload file hasil export ATIMEX3000,,,,,,,,
22-11-2014| Update Disable ENTER pada proses Input nilai hasil IMLTD,,,,,,,,
21-11-2014| Update Bug NoTrans nilai kosong di table transaksi,,,,,,,,
18-11-2014| Update bug upload MU tang gagal, untuk bisa diulang kembali,,,,,,,
30-09-2014| Update Penggolongan menu di masing masing bagian,,,,,,,,
17-09-2014| Update check stok dan hasil print barcode,,,,,,,,
15-09-2014| Update penyesuaian menu konfirmasi GOLDAR,,,,,,,,
04-09-2014| Update pembuatan menu rekap ddarah keluar untuk data lama (data pasien jadi saatu dg data permintaan),,,,,,,,
03-09-2014| Fixing bug menu crossmatch dan upload data MU serta rekap darah keluar,,,,,,,,
02-09-2014| Update menu edit permintaan darah,,,,,,,,
01-09-2014| Update menu rekap darah keluar dan export excel nya,,,,,,,,
26-08-2014| Update bug menu Permintaan ulang dari datapasien,Crossmatch jmlh cross = jml permintaan,komponen metode pembuatan dan pemisahan<br>dan rekap pembuatan komponen dan crossmatch yang ditambha rekap dibawah rincian,,,,,,
25-08-2014| Update bug menu crossmatch,konfirmasi goldarah,cetak label crossmatch, <br> Shift di menu cross,permintaan,transaksi donor yang mengaktifkan tabel shift,,,
22-08-2014| Update menu rekap permintaan darah berdasarkan jenis layanan,RS,SHIFT,,,,,,
21-08-2014| Update menu crossmatch tambahan tabel fase1, fase2, fase3, ,,,,,
13-08-2014| Update transaksi dan pengambilan donor, dengan menambah field donorke di table transaksi , dan menu upload data MU untuk field terbaru di tabel transaksi,,,,,,
12-08-2014| Update file upload MU ke SERVER untuk ambil field umur, jk, pekerjaan, gol. darah, rhesus dari hasil mu di table transaksi,,,,
11-08-2014| Update menu upload ulang untuk upload ulang hasil MU jika diperlukan upload ulang,,,,,,,,
10-08-2014| Update rekap transaksi donor harian dalam bentuk rekap, dan menambahkan jenis kantong pada rekap transaksi nya pada rekap transaksi donor harian yang lama, serta menu rekap apheresis dan rekap BUS, pada menu rekap di level aftap,,,,,
08-08-2014| Update menu pengambilan darah, degnan aktifkan umur,goldarah,rhesus,jk,pekerjaan,jeniskantong di table transaksi,,
05-08-2014| Update menu rekap permintaan darah yang dipisah antara baru dan lama, menyesuaikan tanggal update terbaru dari masing masing server,,,,,,,
03-08-2014| Update menu permintaan darah dan bisa di edit dan pembuatan table pasien dan tabel permintaan baru, serta copy table permintaan lama, yang dipisah menu rekapnya.,,,,,,
01-08-2014| Update menu login dengan memakai kode capcha dan menu edit pengambilan dari berhasil ke gagal atau sebaliknya,,,,,,,,
17-07-2014| Update menu input permintaan darah, padakolom rumah sakit, tidak memilih tapi dibuat dengan cara <br>ketik nama RS jika belum ada nama, maka tambah pada master rumah sakit,,,,,
22-06-2014| Tambah|Rekap Pengambilan Darah sebagai pengganti Rekap Transaksi harian pada saat perpindahan level ke Laboratorium atau Aftap,,,,,,,,
05-06-2014| Update pengesahan kantong yang masuk untuk cetak rekap bukti srah terima sampel dan kantong darah dari aftap,ALTER tabel pengesahan untuk diaktifkan <br> Edit di NOTA pembayaran untuk ada penjelasan dibagian bawah nota,,,,,,,
31-05-2014| Update menu pembuatan Komponen untuk produk TC kembali ke kantong B dan hanya bisa muncul pada kantong bukan Double, dan update pada rekap pembuatan komponen <b> dan database dpengolahan,,,,,,,
26-05-2014| Update cek file upload MU untuk double upload, karna yang lama membuat nama produk dan status darah berubah,<br> jika upload dilakukan lebih dari sekali dan menu cek pulsa untuk provider 3, <br><b> MOHON LAPTOP MU DI UPDATE SEMUA BOLEH KE SERVER UDDP ATAU SERVER LOCAL BARU DOWNLOAD DATA.,,,,,
21-05-2014|Update menu cek pulsa sesuai dengan masing-masing operator,,,,,,,,
14-05-2014|Update rekap Aftap berhasil,batal,gagal DG dan MU, update file transaksi donor, medical checkup, dan pengambilan,,,
25-04-2014|Update cetak kwitansi,,,,,,,,
14-04-2014|Tambah|Modul kendaraan dan transaksi pembiayaan kendaraan pada level mobile unit,,,,,,,,
11-04-2014|update cetak barcode kantong apheresis 2 KIT dan proses pengambilan apheresis untuk 2 produk dalam satu transaksi, serta update laporan rekap untuk lebih lengkap dan menyesuaikan dengan datetime, dan penambahan database kirimbdrs,kirimudd,terimaudd,,,,
10-04-2014|update timezone GMT untuk menyesuaikan dengan waktu WIB,WIT,WITA dan update file-file php dari ""Y-m-d"" menjadi ""Y-m-d H:i:s""",,,,,,,,
08-04-2014|update pada ukuran kertas label komponen,,,,,,,,
27-03-2014|update pada input cetak formulir permintaan darah untuk bisa sesuai dengan current datetime,<b> diikuti dengan perubahan tabel nya, penambahan field ""petugas""",,,,,,,,
27-03-2014|update ukuran cetak hasil CROSSMATCH untuk dibuat lebih jelas dan sesuai dengan kertas label,<b> serta merapikan informasi di hasil cetak label,,,,,,,
26-03-2014|update rekap laporan reaktif ELISA dan RAPID erta NONREAKTIF untuk bisa di rekap berdasarkan tanggal, serta rekap permintaan darah,,,,,,,
25-03-2014|update menu trnsaksi donor, penambahan suggest kelurahan dan kecamatan, sehingga tabel kelurahan dan kecamatan bisa difungsikan, dan untuk mempercepat input,,,,,
30-01-2014|Penambahan modul <b>Tambah Kantong</b> pada level Logistik agar bisa dibaca pada Autoanalyzer Eti-Max 3000, dan adanya pemilihan tipe barcode yang disesuaikan dengan masing-masing UDD. ,,,,,,,
01-01-2014|Penambahan menu Update pekerjaan data donor sesuai dengan SIMMUDDA dimenu admin utility,,,,,,,,
31-12-2013|Update Grafik Balok,,,,,,,,
28-12-2013|Update Grafik Pie Donor dan Donasi dan LTTD III,,,,,,,,
13-12-2013|Update upload data stok darah ke SERVER PUSAT,,,,,,,,
05-12-2013|Update rekap terima darah dari UDD lain,,,,,,,,
04-12-2013|update menu laporan LTTD I dan II,,,,,,,,
04-12-2013|Update menu rekap terima darah dari UTD lain.,,,,,,,,
05-11-2013|Penambahan modul Upload data ke server PMI Pusat dan Penambahan modul cetak hasil uji saring IMLTD.,,,,,,,,
02-11-2013|Transaksi MU memilih Mobil Bus atau Mobil MU, serta rekapan harian disertai dengan rekapan BUS MU,,,,,,,
22-08-2013|Tambahan Modul Import Hasil Diasorin Eti-Max 3000,,,,,,,,
21-08-2013|Perbaikan modul update, agar file js dan css ikut terupdate ke cabang,,,,,,,
17-08-2013|Perbaikan modul backup dan restore data<br>Perubahan nama file backup dari ""<b>Backup-yyyy-mm-dd.zip</b>"" menjadi ""<b>PMI_Backup-yyyy-mm-dd</b>"" serta penambahan parameter pada mysqldump sehingga procedure yang ada di database ikut dalam file backup.<br>Penambahan modul backup dan restore database SMS dengan nama file ""<b>SMS_Backup-yyyy-mm-dd.zip</b>""<br>Penambahan modul history perbaikan dan pengembangan SIMUDDA dari <b>TIM Source</b><br>Perbaikan modul Update agar file csv untuk menampung history ini ikut terupdate ke UDD yang mengapdate SIMUDDA",,,,,,,,
14-08-2013|Fix modul check stok, dimana sebelumnya apabila kantong satelit yang di masukkan maka data pendonor tidak akan ditampilkan,,,,,,,
10-08-2013|Fix modul pengesahan kantong, dimana kantong utama otomatis menjadi WB,,,,,,,
13-08-2013|Fix modul check stok, dimana sebelumnya apabila kantong satelit di check maka data IMLTD tidak ditampilkan,,,,,,,
10-08-2013|Fix modul input Elisa dan Komponen terhadap status kantong pada kantong satelite,,,,,,,,
02-08-2013|Update modul pengambilan darah dengan menambahkan default produk menjadi WB pada kantong utama,,,,,,,,
24-07-2013|Update query stok kantong,,,,,,,,
24-07-2013|Update modul Rincian Kwitansi pembayaran,,,,,,,,
24-07-2013|Penambahan modul input kantong Apheresis,,,,,,,,
22-07-2013|Update rekap transaksi harian xls, cetak kartu donor di level MU, Upload & Download MU,,,,,,
21-07-2013|Fix modul penerimaan darah dari UDD lain,,,,,,,,
17-07-2013|Update modul Apheresis dan Rekap transaksi donor,,,,,,,,
16-07-2013|Index dengan marquee tulisan UDD di bagian bawah layar,,,,,,,,
15-07-2013|Penambahan modul Apheresis,,,,,,,,
07-07-2013|Koreksi stok barang, apabila yang ditambahkan adalah reagen IMLTD maka otomatis akan menambahkan data reagen dan proses pengeluarannya tetap melalui ""pindahkan reagen""",,,,,,,,
26-06-2013|Pertemuan TIM SSOURCE di UDD Pusat<br>Kompilasi menu dan modul. Perombakan SMS Getway, Perombakan total menu Logistik, stok kantong, tampilan monitor dll.,,,,,
14-06-2013|- Searching Pendonor dengan tambahan Gol, Alamat, Tgl Lahir<br>- Cetak ID Barcode Pendonor dengan tambahan Nama, Gol, Tgl Lahir,,,,
05-06-2013|Update pemusnahan kantong darah, penggantian query pemusnahan kantong kadaluarsa dan ditambahkan aksi untuk memusnahkan semua kantong kadaluarsa.,,,,,,,
30-11-2012|Penambahan modul pengambilan plebotomi pasien,,,,,,,,
01-11-2012|Penggantian total modul piagam,,,,,,,,
12-09-2012|Pertemuan di UDD Pusat<br>Kompilasi modul, update pengesahan kantong, Master barang, entry barang, konfirmasi golongan darah (sebelumnya apabila rhesus berubah hasil tetap cocok),Rekap transaksi harian
